r_type,t_type,x1_mean,x2_mean,x3_mean,causes_mean,non-causes_mean,x1_std,x2_std,x3_std,causes_std,non-causes_std
individualized,acceptance,0.1794999999999999,0.09399999999999999,1.803000000000001,0.2734999999999999,1.803000000000001,,,,,
individualized,improvement,1.2775000000000003,0.8014999999999999,,2.079,0.0,,,,,
