,perc_recomm_found,gamma,eta,gamma_obs,gamma_obs_pre,eta_obs,eta_obs_individualized,costs,lbd,thresh,r_type,t_type,iteration,model_coef,eta_obs_refits_batch0_mean,intv-cost
0,1.0,0.75,0.75,0.7649999856948853,0.19499999284744263,0.94,0.755,"[1.0, 1.0]",300.0,0.5,individualized,improvement,0,"[[-0.020042555203447047, -0.10257162803299684, 1.0134076526885858], [-0.40647006137724884]]",0.9380000233650208,2.1035000000000004
1,1.0,0.75,0.75,0.2199999988079071,0.15000000596046448,1.0,,"[1.0, 1.0, 1.0]",300.0,0.5,individualized,acceptance,0,"[[-0.020042555203447047, -0.10257162803299684, 1.0134076526885858], [-0.40647006137724884]]",0.6669999957084656,
