r_type,t_type,eta_mean,gamma_mean,perc_recomm_found_mean,eta_obs_mean,eta_obs_individualized_mean,eta_obs_refits_batch0_mean_mean,gamma_obs_mean,intv-cost_mean,eta_std,gamma_std,perc_recomm_found_std,eta_obs_std,eta_obs_individualized_std,eta_obs_refits_batch0_mean_std,gamma_obs_std,intv-cost_std
individualized,acceptance,0.75,0.75,1.0,1.0,,0.7333333293596903,0.16000000139077505,1.7959999999999994,0.0,0.0,0.0,0.0,,0.16620573977384565,0.13892444094565495,1.1151572759032693
subpopulation,acceptance,0.75,0.75,1.0,0.8700000000000001,,0.6183333396911621,0.16666666821887097,2.0346290322580645,0.0,0.0,0.0,0.06614378277661476,,0.15624445802447917,0.14180385788952884,0.003353054736594867
individualized,counterfactual,0.75,0.75,1.0,0.8583333333333334,,0.5689999957879385,0.13000000019868216,1.9274820788530471,0.0,0.0,0.0,0.228272497978476,,0.10000000894070596,0.11947803131629449,0.17515771202485533
individualized,improvement,0.75,0.75,0.9766666666666667,0.653673835125448,0.8130286738351256,0.6482974936564764,0.7655197183291117,1.7015,0.0,0.0,0.040414518843273774,0.49160769481588573,0.027012388514034237,0.5009136842306198,0.029223898444463343,1.036480945314481
subpopulation,improvement,0.75,0.75,0.9766666666666667,0.5441756272401433,,0.5359319100777308,0.6574193636576334,1.7571666666666668,0.0,0.0,0.040414518843273774,0.3791475243529285,,0.3931304808962411,0.11736271344538349,1.0395561953705694
