r_type,t_type,eta_mean,gamma_mean,perc_recomm_found_mean,eta_obs_mean,eta_obs_individualized_mean,eta_obs_refits_batch0_mean_mean,gamma_obs_mean,intv-cost_mean,eta_std,gamma_std,perc_recomm_found_std,eta_obs_std,eta_obs_individualized_std,eta_obs_refits_batch0_mean_std,gamma_obs_std,intv-cost_std
individualized,acceptance,0.9499999999999998,0.9499999999999998,1.0,1.0,,0.5646666586399078,0.2233333339293798,2.3461666666666665,1.3597399555105182e-16,1.3597399555105182e-16,0.0,0.0,,0.11109606162955611,0.00763762537785382,0.22982021959204024
individualized,counterfactual,0.9499999999999998,0.9499999999999998,1.0,0.9983333333333334,,0.4819999734560649,0.17000000178813934,2.3394999999999997,1.3597399555105182e-16,1.3597399555105182e-16,0.0,0.0028867513459481316,,0.10622617865609241,0.02179449957205995,0.29791651515147655
individualized,improvement,0.9499999999999998,0.9499999999999998,1.0,1.0,0.9899999999999999,1.0,0.9599999984105428,3.266333333333332,1.3597399555105182e-16,1.3597399555105182e-16,0.0,0.0,0.0050000000000000044,0.0,0.008660280191540243,0.11622428030895
subpopulation,acceptance,0.9499999999999998,0.9499999999999998,1.0,0.9883333333333333,,0.477666695912679,0.17166667183240256,2.5071666666666665,1.3597399555105182e-16,1.3597399555105182e-16,0.0,0.005773502691896262,,0.10305499677718562,0.018929693488900744,0.26189803995702954
subpopulation,improvement,0.9499999999999998,0.9499999999999998,1.0,0.9916666666666667,,0.9929999907811483,0.9466666579246521,3.205,1.3597399555105182e-16,1.3597399555105182e-16,0.0,0.010408329997330672,,0.007211075836285056,0.007637618874451828,0.07450503338701399
