r_type,t_type,x1_mean,x2_mean,x3_mean,causes_mean,non-causes_mean,x1_std,x2_std,x3_std,causes_std,non-causes_std
individualized,acceptance,0.15883333333333335,0.1581666666666667,2.0195000000000003,0.31700000000000006,2.0195000000000003,0.08105605056584815,0.10658603723440209,0.18400815199332898,0.11780916772475734,0.18400815199332898
individualized,counterfactual,0.006334170854271358,0.057160804020100514,2.264385259631491,0.06349497487437188,2.264385259631491,0.0101029044745183,0.08673177294463807,0.21894575358669088,0.08335317983327618,0.21894575358669088
individualized,improvement,2.0931666666666664,1.1731666666666662,,3.2663333333333333,0.0,0.009073771725877405,0.12522612879640277,,0.11622428030894956,0.0
subpopulation,acceptance,0.012166666666666664,0.10400000000000004,2.367333333333333,0.1161666666666667,2.367333333333333,0.010515861036231568,0.14006337851130116,0.14128546752349785,0.14117394707711955,0.14128546752349785
subpopulation,improvement,2.083,1.1219999999999999,,3.2050000000000005,0.0,0.05289376144688533,0.09663462112514341,,0.07450503338701397,0.0
