r_type,t_type,eta_mean,gamma_mean,perc_recomm_found_mean,eta_obs_mean,eta_obs_individualized_mean,eta_obs_refits_batch0_mean_mean,gamma_obs_mean,intv-cost_mean,eta_std,gamma_std,perc_recomm_found_std,eta_obs_std,eta_obs_individualized_std,eta_obs_refits_batch0_mean_std,gamma_obs_std,intv-cost_std
individualized,acceptance,0.9499999999999998,0.9499999999999998,1.0,1.0,,0.771,0.0016666666666666668,0.1547571666666667,1.3597399555105182e-16,1.3597399555105182e-16,0.0,0.0,,0.19486148926865984,0.002886751345948129,0.08833082644430161
individualized,counterfactual,0.9499999999999998,0.9499999999999998,1.0,1.0,,0.77,0.0016666666666666668,0.1708726666666666,1.3597399555105182e-16,1.3597399555105182e-16,0.0,0.0,,0.1949640992593251,0.002886751345948129,0.1179245944251381
individualized,improvement,0.9499999999999998,0.9499999999999998,1.0,0.9783333333333334,0.9766666666666666,0.9776666666666666,0.9766666666666666,11.458333333333334,1.3597399555105182e-16,1.3597399555105182e-16,0.0,0.00763762615825974,0.00763762615825974,0.007505553499465142,0.00763762615825974,0.15275252316519491
subpopulation,acceptance,0.9499999999999998,0.9499999999999998,1.0,1.0,,0.7733333333333334,0.0,0.15866383333333337,1.3597399555105182e-16,1.3597399555105182e-16,0.0,0.0,,0.196301638641488,0.0,0.1026482093783585
subpopulation,improvement,0.9499999999999998,0.9499999999999998,1.0,0.9666666666666667,,0.9666666666666667,0.9666666666666667,10.816666666666668,1.3597399555105182e-16,1.3597399555105182e-16,0.0,0.020207259421636918,,0.020207259421636918,0.020207259421636918,0.35029749261639553
