r_type,t_type,years_experience_mean,degree_mean,nr_commits_mean,nr_languages_mean,nr_stars_mean,causes_mean,non-causes_mean,years_experience_std,degree_std,nr_commits_std,nr_languages_std,nr_stars_std,causes_std,non-causes_std
individualized,acceptance,0.0,0.0,1211.8974539363483,0.0,0.33996649916247906,0.0,1212.2374204355108,0.0,0.0,340.0179707735606,0.0,0.5542884463516069,0.0,340.56284360667553
individualized,counterfactual,0.0,0.0,1203.0852931323282,0.0,0.5107788944723618,0.0,1203.5960720268006,0.0,0.0,359.5587251692807,0.0,0.8290406218594562,0.0,360.38621634360237
individualized,improvement,0.6766666666666667,1.6150000000000002,,,,2.2916666666666665,0.0,0.05923118547972286,0.03278719262150998,,,,0.03055050463303896,0.0
subpopulation,acceptance,0.0,0.0,1179.9716666666666,0.0,0.4066666666666667,0.0,1180.3783333333333,0.0,0.0,322.6592457350841,0.0,0.7043673284113434,0.0,323.36188420766814
subpopulation,improvement,0.5791876046901172,1.5859798994974874,,,,2.1651675041876044,0.0,0.05818416488913194,0.030047971796371382,,,,0.06739748405078391,0.0
