r_type,t_type,pop_density_mean,flu_shot_mean,covid_shots_mean,bmi_diff_mean,appetite_loss_mean,fatigue_mean,fever_mean,causes_mean,non-causes_mean,pop_density_std,flu_shot_std,covid_shots_std,bmi_diff_std,appetite_loss_std,fatigue_std,fever_std,causes_std,non-causes_std
individualized,acceptance,0.001005871106373619,0.0,0.0016750418760469012,-0.0005033585435595486,0.551675041876047,0.0,0.0,0.0021775544388609714,0.551675041876047,0.0005012441271264187,0.0,0.0029012576341187223,1.4652816333932646e-06,0.02592002145578215,0.0,0.0,0.0029444549131066905,0.02592002145578215
individualized,counterfactual,0.0008333333333333334,0.0,0.0,-1.675041876046928e-06,0.5440460636515912,0.0,0.0,0.0008316582914572866,0.5440460636515912,0.0018929694486000913,0.0,0.0,0.0008689266614185574,0.014211833619425256,0.0,0.0,0.00236485823696632,0.014211833619425256
individualized,improvement,-0.0735333266389632,0.03875064880940093,1.1689075101947173,0.0003907187167974775,,,,1.1345155510819525,0.0,0.00889636485929302,0.02340393237956296,0.045109679849402284,0.00033948141403998376,,,,0.03910448071053629,0.0
subpopulation,acceptance,0.0028416886075972973,0.001792114695340502,0.005291005291005291,0.0007168458781362007,0.5170450952576813,0.0,0.0,0.010641654472079293,0.5170450952576813,0.002949810680383581,0.0031040337053205684,0.009164289987136916,0.0012416134821282275,0.018757680706375807,0.0,0.0,0.010433504410049647,0.018757680706375807
subpopulation,improvement,-0.05729374933149031,0.026346824201833707,1.1176775904579326,0.0018373389063044236,,,,1.0885680042345802,0.0,0.013497469426087785,0.007908076678514718,0.017878033936043924,0.0018964749598971954,,,,0.007156389764080188,0.0
