r_type,t_type,x1_mean,x2_mean,x3_mean,causes_mean,non-causes_mean,x1_std,x2_std,x3_std,causes_std,non-causes_std
individualized,acceptance,0.5885000000000002,0.31099999999999994,1.4670000000000005,2.3665000000000007,0.0,,,,,
individualized,improvement,1.0415000000000005,0.9035000000000001,1.5025000000000006,3.4475000000000016,0.0,,,,,
