,perc_recomm_found,gamma,eta,gamma_obs,gamma_obs_pre,eta_obs,eta_obs_individualized,costs,lbd,thresh,r_type,t_type,iteration,model_coef,eta_obs_refits_batch0_mean,intv-cost
0,1.0,0.75,0.75,0.7599999904632568,0.09000000357627869,1.0,1.0,"[1.0, 1.0, 1.0]",300.0,0.5,individualized,improvement,0,"[[0.7775084850673373, 0.761565080811791, 1.2533804241794324], [0.2213961483446309]]",0.9979999661445618,2.3684999999999996
1,1.0,0.75,0.75,0.4050000011920929,0.06499999761581421,1.0,,"[1.0, 1.0, 1.0]",300.0,0.5,individualized,acceptance,0,"[[0.7775084850673373, 0.761565080811791, 1.2533804241794324], [0.2213961483446309]]",0.5130000114440918,
