r_type,t_type,pop_density_mean,flu_shot_mean,covid_shots_mean,bmi_diff_mean,appetite_loss_mean,fatigue_mean,fever_mean,causes_mean,non-causes_mean,pop_density_std,flu_shot_std,covid_shots_std,bmi_diff_std,appetite_loss_std,fatigue_std,fever_std,causes_std,non-causes_std
individualized,acceptance,-0.0003333333333333335,0.0,0.0033333333333333335,0.0005000000000000001,0.5840000000000001,0.0,0.0,0.0034999999999999996,0.5840000000000001,0.0010408329997330665,0.0,0.005773502691896258,0.0013228756555322952,0.027672188204043453,0.0,0.0,0.0065,0.027672188204043453
individualized,counterfactual,-0.0013408879413904541,0.0,0.0,0.0005092465695480771,0.5852543525709355,0.0,0.0,-0.0008316413718423769,0.5852543525709355,0.0010462634780869532,0.0,0.0,0.0021881373218690546,0.002566892818987369,0.0,0.0,0.0017614620971896228,0.002566892818987369
individualized,improvement,-0.07578769507694806,0.0324457188084905,1.1268664328800961,0.0001841620626151013,,,,1.0837086186742537,0.0,0.008050715885287635,0.006450157687346073,0.033915536715389966,0.00031897804927603636,,,,0.0425690462722639,0.0
subpopulation,acceptance,0.000734767025089606,0.0036439665471923537,0.005425850016832017,0.0014604909668178249,0.5461127613088048,0.0,0.0,0.0112650745559318,0.5461127613088048,0.0008506411674771197,0.003157039489061843,0.005377027826118689,0.00030339084892310055,0.026608085432734182,0.0,0.0,0.006101931357265514,0.026608085432734182
subpopulation,improvement,-0.07221303060910444,0.02209663793512993,1.0830434360521919,0.005087568188343382,,,,1.0380146115665607,0.0,0.03065067722024186,0.012020681545131414,0.05851582852984199,0.005039468823332674,,,,0.029616714643816724,0.0
