r_type,t_type,eta_mean,gamma_mean,perc_recomm_found_mean,eta_obs_mean,eta_obs_individualized_mean,eta_obs_refits_batch0_mean_mean,gamma_obs_mean,intv-cost_mean,eta_std,gamma_std,perc_recomm_found_std,eta_obs_std,eta_obs_individualized_std,eta_obs_refits_batch0_mean_std,gamma_obs_std,intv-cost_std
individualized,acceptance,0.75,0.75,1.0,1.0,,0.9976666768391927,0.006666666517655055,0.5928333333333332,0.0,0.0,0.0,0.0,,0.004041434264995435,0.002886751281424208,0.004193248541803028
individualized,counterfactual,0.75,0.75,1.0,1.0,,0.9976666768391927,0.0,1.0145987472590645,0.0,0.0,0.0,0.0,,0.004041434264995435,0.0,0.0746856209065007
individualized,improvement,0.75,0.75,0.945,0.7969916769630544,0.7969916769630544,0.7969916661580404,0.7969916661580404,0.5964999999999999,0.0,0.0,0.013228756555322903,0.019989941910245963,0.019989941910245963,0.019989951083769834,0.019989951083769834,0.03210529551335724
subpopulation,acceptance,0.75,0.75,1.0,0.8766666666666666,,0.9013333717981974,0.014999999975164732,1.1832240286580324,0.0,0.0,0.0,0.025658007197234444,,0.014153905560719096,0.008660254381971964,0.011815639352756323
subpopulation,improvement,0.75,0.75,0.9466666666666667,0.5808911722078705,,0.5808911919593811,0.5808911919593811,0.539,0.0,0.0,0.00763762615825974,0.03736519080775073,,0.03736518352810674,0.03736518352810674,0.027013885318480188
