r_type,t_type,eta_mean,gamma_mean,perc_recomm_found_mean,eta_obs_mean,eta_obs_individualized_mean,eta_obs_refits_batch0_mean_mean,gamma_obs_mean,intv-cost_mean,eta_std,gamma_std,perc_recomm_found_std,eta_obs_std,eta_obs_individualized_std,eta_obs_refits_batch0_mean_std,gamma_obs_std,intv-cost_std
individualized,acceptance,0.75,0.75,1.0,0.9983333333333334,,0.6463333566983541,0.21333333353201547,2.2236666666666665,0.0,0.0,0.0,0.0028867513459481316,,0.08300801069216937,0.018929693488900744,0.1198961356063378
subpopulation,acceptance,0.75,0.75,1.0,0.9066666666666666,,0.5853333274523417,0.1850000023841858,2.2815000000000003,0.0,0.0,0.0,0.0436844747402705,,0.09300719276680292,0.013228758019672332,0.1124299782086606
individualized,counterfactual,0.75,0.75,1.0,0.9966666666666667,,0.6013333598772684,0.16833333174387613,1.9466666666666665,0.0,0.0,0.0,0.0028867513459481316,,0.09965106975529414,0.02843120741129271,0.031560787907359944
individualized,improvement,0.75,0.75,1.0,0.9283333333333333,0.7766666666666667,0.9233333667119344,0.7650000055631002,2.1665000000000005,0.0,0.0,0.0,0.0028867513459481316,0.03055050463303896,0.001527505565370602,0.04358898205131552,0.2053673537834094
subpopulation,improvement,0.75,0.75,1.0,0.785,,0.7913333574930826,0.6816666722297668,2.0935,0.0,0.0,0.0,0.031224989991992018,,0.030746254374970843,0.016072735940151513,0.1709919588752644
