r_type,t_type,eta_mean,gamma_mean,perc_recomm_found_mean,eta_obs_mean,eta_obs_individualized_mean,eta_obs_refits_batch0_mean_mean,gamma_obs_mean,intv-cost_mean,eta_std,gamma_std,perc_recomm_found_std,eta_obs_std,eta_obs_individualized_std,eta_obs_refits_batch0_mean_std,gamma_obs_std,intv-cost_std
individualized,acceptance,0.75,0.75,1.0,0.9966666666666667,,0.7303333083788554,0.24999999503294626,2.032166666666667,0.0,0.0,0.0,0.005773502691896262,,0.04675821363235692,0.035000002809934636,0.07782244748999775
individualized,counterfactual,0.75,0.75,1.0,0.9783333333333334,,0.687333325544993,0.19666666785875955,2.15,0.0,0.0,0.0,0.012583057392117928,,0.10402566990966043,0.010408328422507884,0.06886036595894592
individualized,improvement,0.75,0.75,1.0,0.9283333333333333,0.7866666666666666,0.9339999755223592,0.7583333253860474,2.0403333333333333,0.0,0.0,0.0,0.030550504633038912,0.0305505046330389,0.02007484788091281,0.022546227262336092,0.1480880931517902
subpopulation,acceptance,0.75,0.75,1.0,0.91,,0.6569999853769938,0.21666666368643442,2.112833333333334,0.0,0.0,0.0,0.0050000000000000044,,0.1044557272427869,0.03785938369786614,0.038289467655391846
subpopulation,improvement,0.75,0.75,1.0,0.7933333333333333,,0.8013333280881246,0.7183333237965902,1.9306666666666663,0.0,0.0,0.0,0.04041451884327379,,0.020984122082840673,0.023094023156177805,0.010539607835841288
