r_type,t_type,x1_mean,x2_mean,x3_mean,causes_mean,non-causes_mean,x1_std,x2_std,x3_std,causes_std,non-causes_std
individualized,acceptance,0.1324966499162479,0.1338107202680067,1.7487361809045232,0.2663073701842546,1.7487361809045232,0.03725717068347417,0.04319485991020096,0.017821427381307816,0.07941636675577332,0.017821427381307816
individualized,counterfactual,-0.0003458961474036854,0.00532244556113903,2.1237160804020103,0.004976549413735344,2.1237160804020103,0.009942530226694713,0.015603531807798556,0.07293116891188278,0.01697316509102159,0.07293116891188278
individualized,improvement,1.2140000000000002,0.826333333333333,,2.040333333333333,0.0,0.04195533339159639,0.11636830897341989,,0.14808809315179022,0.0
subpopulation,acceptance,0.06178852402711019,0.07979457868264937,1.9864139697644856,0.14158310270975957,1.9864139697644856,0.023228935691315362,0.040368635356281206,0.07391687493579183,0.06356711892114465,0.07391687493579183
subpopulation,improvement,1.2360544217687073,0.7319727891156461,,1.9680272108843535,0.0,0.059395147633493635,0.04878877939794049,,0.010754701873307439,0.0
