r_type,t_type,x1_mean,x2_mean,x3_mean,x4_mean,causes_mean,non-causes_mean,x1_std,x2_std,x3_std,x4_std,causes_std,non-causes_std
individualized,acceptance,0.2931666666666666,0.8281666666666668,0.1751666666666666,3.0621666666666676,4.358666666666668,0.0,0.17941316376825117,0.5443108793082622,0.21907894315367987,0.8309137039027179,0.25800209947466113,0.0
individualized,counterfactual,0.19966666666666666,1.094833333333333,0.17433333333333323,3.8808333333333334,5.349666666666667,0.0,0.168825600349394,0.9769652416198505,0.28398782250887666,0.811504210299203,0.9870109337455851,0.0
individualized,improvement,0.21716666666666673,1.8246666666666675,0.7661666666666669,3.3601666666666676,6.168166666666669,0.0,0.02631697804333416,0.12085563012674824,0.07739885873404947,0.27223213133892366,0.4302139971378576,0.0
subpopulation,acceptance,0.30216666666666675,1.0904999999999998,0.1765,3.055333333333333,4.6245,0.0,0.1646939080030993,0.7444299832757947,0.2521091033659832,0.29849218303555747,0.8100797800216972,0.0
subpopulation,improvement,0.2700762144053603,1.699434673366835,0.7524648241206028,3.2641097152428826,5.986085427135681,0.0,0.02389907251574387,0.15258313160024667,0.06585557857627095,0.21790619306624964,0.33771965386538355,0.0
