r_type,t_type,years_experience_mean,degree_mean,nr_commits_mean,nr_languages_mean,nr_stars_mean,causes_mean,non-causes_mean,years_experience_std,degree_std,nr_commits_std,nr_languages_std,nr_stars_std,causes_std,non-causes_std
individualized,acceptance,0.0,0.0,1231.880622895623,0.0016666666666666668,0.093989898989899,0.0,1231.9762794612795,0.0,0.0,405.8587391894088,0.002886751345948129,0.09674646812142551,0.0,405.837978952456
individualized,counterfactual,0.0,0.0,1240.8687269681743,0.0016750418760469012,0.12382747068676718,0.0,1240.994229480737,0.0,0.0,412.52700525698197,0.0029012576341187223,0.15415429473590392,0.0,412.46488310597476
individualized,improvement,0.7133333333333333,1.3966666666666665,,,,2.11,0.0,0.11094292827095079,0.15542951242712338,,,,0.051961524227066236,0.0
subpopulation,acceptance,0.0,0.0,1254.4346733668342,0.0,0.08033500837520939,0.0,1254.5150083752094,0.0,0.0,442.74606853600505,0.0,0.1063999046376911,0.0,442.69279607333374
subpopulation,improvement,0.7026094276094277,1.3943602693602692,,,,2.096969696969697,0.0,0.08415787871297462,0.07476201628504635,,,,0.04530505721623585,0.0
