r_type,t_type,eta_mean,gamma_mean,perc_recomm_found_mean,eta_obs_mean,eta_obs_individualized_mean,eta_obs_refits_batch0_mean_mean,gamma_obs_mean,intv-cost_mean,eta_std,gamma_std,perc_recomm_found_std,eta_obs_std,eta_obs_individualized_std,eta_obs_refits_batch0_mean_std,gamma_obs_std,intv-cost_std
individualized,acceptance,0.9,0.9,1.0,1.0,,0.779,0.0033333333333333335,0.1323905,0.0,0.0,0.0,0.0,,0.17445056606385664,0.002886751345948129,0.03953206417896737
individualized,counterfactual,0.9,0.9,1.0,1.0,,0.7816666666666666,0.0016666666666666668,0.13661383333333332,0.0,0.0,0.0,0.0,,0.17232914243775876,0.002886751345948129,0.03789740827989872
individualized,improvement,0.9,0.9,1.0,0.9683333333333333,0.9683333333333333,0.9683333333333334,0.9683333333333333,10.549999999999999,0.0,0.0,0.0,0.010408329997330672,0.010408329997330672,0.010408329997330717,0.010408329997330672,0.2598076211353312
subpopulation,acceptance,0.9,0.9,1.0,1.0,,0.7789999999999999,0.0016666666666666668,0.13362566666666667,0.0,0.0,0.0,0.0,,0.17047287174210446,0.002886751345948129,0.0399019242340935
subpopulation,improvement,0.9,0.9,0.9966666666666667,0.9632154882154881,,0.9632154882154883,0.9632154882154881,10.484848484848484,0.0,0.0,0.005773502691896262,0.0027902992956863218,,0.002790299295686386,0.0027902992956863218,0.22652528608117817
