,perc_recomm_found,gamma,eta,gamma_obs,gamma_obs_pre,eta_obs,eta_obs_individualized,costs,lbd,thresh,r_type,t_type,iteration,model_coef,eta_obs_refits_batch0_mean,intv-cost
0,1.0,0.75,0.75,0.7599999904632568,0.1550000011920929,0.955,0.82,"[1.0, 1.0]",300.0,0.5,individualized,improvement,0,"[[-0.031946652314394273, 0.08362329959012135, 0.9400461498129361], [-0.5584002928969275]]",0.9569999575614929,1.8839999999999997
1,1.0,0.75,0.75,0.26499998569488525,0.17499999701976776,0.99,,"[1.0, 1.0, 1.0]",300.0,0.5,individualized,acceptance,0,"[[-0.031946652314394273, 0.08362329959012135, 0.9400461498129361], [-0.5584002928969275]]",0.7360000014305115,2.0515000000000008
2,1.0,0.75,0.75,0.20499999821186066,0.20499999821186066,0.98,,"[1.0, 1.0, 1.0]",300.0,0.5,individualized,counterfactual,0,"[[-0.031946652314394273, 0.08362329959012135, 0.9400461498129361], [-0.5584002928969275]]",0.6899999976158142,2.083500000000001
3,1.0,0.75,0.75,0.7450000047683716,0.17499999701976776,0.83,,"[1.0, 1.0]",300.0,0.5,subpopulation,improvement,0,"[[-0.031946652314394273, 0.08362329959012135, 0.9400461498129361], [-0.5584002928969275]]",0.824999988079071,1.9334999999999993
