r_type,t_type,eta_mean,gamma_mean,perc_recomm_found_mean,eta_obs_mean,eta_obs_individualized_mean,eta_obs_refits_batch0_mean_mean,gamma_obs_mean,intv-cost_mean,eta_std,gamma_std,perc_recomm_found_std,eta_obs_std,eta_obs_individualized_std,eta_obs_refits_batch0_mean_std,gamma_obs_std,intv-cost_std
individualized,acceptance,0.75,0.75,1.0,1.0,,0.6576666666666666,0.0,0.10214333333333335,0.0,0.0,0.0,0.0,,0.2794679468800194,0.0,0.010898580255397208
individualized,counterfactual,0.75,0.75,1.0,1.0,,0.656,0.0,9.450000000000001,0.0,0.0,0.0,0.0,,0.2613273808845909,0.0,0.6968679932383178
individualized,improvement,0.75,0.75,1.0,0.92,0.92,0.9193333333333333,0.92,0.107088,0.0,0.0,0.0,0.017320508075688787,0.017320508075688787,0.01677299416721221,0.017320508075688787,0.013752554044612949
subpopulation,acceptance,0.75,0.75,1.0,1.0,,0.6586666666666666,0.0,9.9125,0.0,0.0,0.0,0.0,,0.28728441192193727,0.0,0.4772970773009201
subpopulation,improvement,0.75,0.75,1.0,0.9333333333333332,,0.9333333333333332,0.9316666666666666,0.10205850000000005,0.0,0.0,0.0,0.005773502691896198,,0.005773502691896135,0.0076376261582596795,0.008328913689671678
