r_type,t_type,x1_mean,x2_mean,x3_mean,causes_mean,non-causes_mean,x1_std,x2_std,x3_std,causes_std,non-causes_std
individualized,acceptance,0.14564309764309766,0.12254377104377105,1.9328956228956227,0.2681868686868687,1.9328956228956227,0.05654885986488593,0.03522178203230211,0.10207890766858044,0.06728578963637959,0.10207890766858044
individualized,counterfactual,0.014329983249581233,-0.00016750418760469023,2.3500770519262986,0.014162479061976542,2.3500770519262986,0.030483561489864808,0.0010412362645410129,0.11583167792099411,0.03150464673942461,0.11583167792099411
individualized,improvement,1.5221666666666678,0.9499999999999996,,2.472166666666667,0.0,0.06085296486888199,0.06924052281720569,,0.030636307436330223,0.0
subpopulation,acceptance,0.07426716917922949,0.03324958123953099,2.1260259631490785,0.10751675041876048,2.1260259631490785,0.03445604170113266,0.01779194913541954,0.06048105641420763,0.04343102793631174,0.06048105641420763
subpopulation,improvement,1.5725577889447235,0.9013467336683417,,2.473904522613065,0.0,0.06147282886913914,0.08422426446145233,,0.10001250483669027,0.0
