r_type,t_type,eta_mean,gamma_mean,perc_recomm_found_mean,eta_obs_mean,eta_obs_individualized_mean,eta_obs_refits_batch0_mean_mean,gamma_obs_mean,intv-cost_mean,eta_std,gamma_std,perc_recomm_found_std,eta_obs_std,eta_obs_individualized_std,eta_obs_refits_batch0_mean_std,gamma_obs_std,intv-cost_std
individualized,acceptance,0.85,0.85,1.0,1.0,,0.7863333225250244,0.21999999384085336,2.208,0.0,0.0,0.0,0.0,,0.04346647529126194,0.03968626279479526,0.1575698257916152
individualized,counterfactual,0.85,0.85,1.0,0.9899999999999999,,0.75,0.163333331545194,2.3791666666666673,0.0,0.0,0.0,0.01732050807568879,,0.026229748170774912,0.04072263439248063,0.14741212071377677
individualized,improvement,0.85,0.85,1.0,0.9866666666666667,0.89,0.984333316485087,0.8349999984105428,2.472166666666667,0.0,0.0,0.0,0.00763762615825974,0.031224989991992018,0.008621652368227725,0.03968626561085052,0.030636307436329988
subpopulation,acceptance,0.85,0.85,1.0,0.9733333333333333,,0.7543333172798157,0.1983333279689153,2.2538333333333336,0.0,0.0,0.0,0.01527525231651948,,0.04186089232683897,0.03403429498293849,0.07691933003695177
subpopulation,improvement,0.85,0.85,1.0,0.915,,0.915666659673055,0.800000011920929,2.4661666666666657,0.0,0.0,0.0,0.04358898943540673,,0.039004277434904644,0.017320491557565074,0.10606641001435535
