r_type,t_type,eta_mean,gamma_mean,perc_recomm_found_mean,eta_obs_mean,eta_obs_individualized_mean,eta_obs_refits_batch0_mean_mean,gamma_obs_mean,intv-cost_mean,eta_std,gamma_std,perc_recomm_found_std,eta_obs_std,eta_obs_individualized_std,eta_obs_refits_batch0_mean_std,gamma_obs_std,intv-cost_std
individualized,acceptance,0.75,0.75,1.0,1.0,,0.9893333514531454,0.006666666517655055,0.5461666666666667,0.0,0.0,0.0,0.0,,0.005686282799907859,0.007637625987545485,0.025447658700425535
individualized,counterfactual,0.75,0.75,1.0,1.0,,0.9913333257039388,0.0033333332588275275,0.5613333333333334,0.0,0.0,0.0,0.0,,0.004725855683801483,0.005773502562848416,0.012789970028632991
individualized,improvement,0.75,0.75,0.955,0.7854188673035117,0.7854188673035117,0.7854188879330953,0.7854188680648804,1.244158811349928,0.0,0.0,0.0050000000000000044,0.03199300065895901,0.03199300065895901,0.03199301813001225,0.0319929849362251,0.013530165395727439
subpopulation,acceptance,0.75,0.75,1.0,0.9133333333333334,,0.9043333133061727,0.011666666405896345,0.49566666666666653,0.0,0.0,0.0,0.020207259421636918,,0.026274217630152884,0.010408329764686359,0.012392874296680874
subpopulation,improvement,0.75,0.75,0.9483333333333333,0.5660106040974108,,0.566010594367981,0.566010594367981,1.0649044243671442,0.0,0.0,0.00763762615825974,0.029455360488532933,,0.02945535367983423,0.02945535367983423,0.04968307413901314
