r_type,t_type,pop_density_mean,flu_shot_mean,covid_shots_mean,bmi_diff_mean,appetite_loss_mean,fatigue_mean,fever_mean,causes_mean,non-causes_mean,pop_density_std,flu_shot_std,covid_shots_std,bmi_diff_std,appetite_loss_std,fatigue_std,fever_std,causes_std,non-causes_std
individualized,acceptance,-0.00034795972992108316,0.0,0.0016750418760469012,-0.00033500837520938025,0.5394040649985322,0.0,0.0,0.0009920737709164377,0.5394040649985322,0.0012827107839315768,0.0,0.0029012576341187223,0.0005802515268237446,0.02704683525449948,0.0,0.0,0.0031537854469098907,0.02704683525449948
individualized,counterfactual,0.0006649916247906199,0.0,0.0,0.0003341708542713568,0.553247906197655,0.0,0.0,0.0009991624790619766,0.553247906197655,0.001530266957105664,0.0,0.0,0.0002894031757363937,0.013094494243142097,0.0,0.0,0.001324300173127328,0.013094494243142097
individualized,improvement,-0.08928053591245251,0.025389014442743395,1.1746745725093761,0.0002124695228143504,,,,1.1109955205624813,0.0,0.009616599562793779,0.008578114845509879,0.02744670998286094,0.0009121684497127885,,,,0.03692535769891592,0.0
subpopulation,acceptance,0.0014509246088193456,0.0018018018018018018,0.0018018018018018018,0.0035704125177809386,0.505742057847321,0.0,0.0,0.00862494073020389,0.505742057847321,0.002234508730111971,0.0031208122658898693,0.0031208122658898693,0.001894457025288817,0.021520606724001596,0.0,0.0,0.009400637801086003,0.021520606724001596
subpopulation,improvement,-0.11036973935155757,0.03450646323373596,1.1435066751430387,0.0037318923500741685,,,,1.0713752913752914,0.0,0.029895443155055046,0.003465793899599382,0.041189161421493495,0.005082010817288278,,,,0.010938934732726988,0.0
