r_type,t_type,x1_mean,x2_mean,x3_mean,causes_mean,non-causes_mean,x1_std,x2_std,x3_std,causes_std,non-causes_std
individualized,acceptance,0.7428333333333333,0.7066666666666666,0.8724999999999999,2.3219999999999996,0.0,0.12917655876099698,0.22408554913990628,0.4905958112336466,0.3783989297025027,0.0
individualized,counterfactual,0.7438333333333332,1.2561666666666669,1.4581666666666664,3.4581666666666666,0.0,0.22864893031311823,0.675934599893609,0.8068547473574986,0.48513305734956136,0.0
individualized,improvement,1.203,1.1594999999999998,1.5684999999999996,3.9309999999999996,0.0,0.06018928476066184,0.017585505395069066,0.20412557409594728,0.24134363467885417,0.0
subpopulation,acceptance,0.7018333333333331,0.9964999999999998,0.9213333333333337,2.619666666666667,0.0,0.21183857848213872,0.46865579053288137,0.5381589758921932,0.2796123805079699,0.0
subpopulation,improvement,1.3020000000000005,1.1585,1.5203333333333333,3.9808333333333343,0.0,0.10136197511887766,0.18647184774115425,0.1308647520661443,0.3073736867939961,0.0
