r_type,t_type,eta_mean,gamma_mean,perc_recomm_found_mean,eta_obs_mean,eta_obs_individualized_mean,eta_obs_refits_batch0_mean_mean,gamma_obs_mean,intv-cost_mean,eta_std,gamma_std,perc_recomm_found_std,eta_obs_std,eta_obs_individualized_std,eta_obs_refits_batch0_mean_std,gamma_obs_std,intv-cost_std
individualized,acceptance,0.9,0.9,1.0,1.0,,0.7616666754086813,0.5183333456516266,3.4581666666666657,0.0,0.0,0.0,0.0,,0.12622336328910858,0.04725816164388733,0.4851330573495624
individualized,counterfactual,0.9,0.9,1.0,1.0,,0.6826666792233785,0.5183333357175192,3.9811666666666667,0.0,0.0,0.0,0.0,,0.2366122294011165,0.04163331369003154,0.3077906485475681
individualized,improvement,0.9,0.9,1.0,1.0,1.0,0.9833333492279053,0.9166666666666666,2.322666666666667,0.0,0.0,0.0,0.0,0.0,0.010692682032487287,0.03547298719778075,0.37784796325153475
subpopulation,acceptance,0.9,0.9,1.0,0.96,,0.7699999809265137,0.5233333309491476,4.05775,0.0,0.0,0.0,0.010000000000000009,,0.13456965153281708,0.030138571437704542,0.14177490962790332
subpopulation,improvement,0.9,0.9,1.0,0.9933333333333333,,0.968666652838389,0.899999996026357,2.6220000000000003,0.0,0.0,0.0,0.00763762615825974,,0.027465105673607493,0.013228777732056414,0.27833298403171697
