r_type,t_type,eta_mean,gamma_mean,perc_recomm_found_mean,eta_obs_mean,eta_obs_individualized_mean,eta_obs_refits_batch0_mean_mean,gamma_obs_mean,intv-cost_mean,eta_std,gamma_std,perc_recomm_found_std,eta_obs_std,eta_obs_individualized_std,eta_obs_refits_batch0_mean_std,gamma_obs_std,intv-cost_std
individualized,acceptance,0.75,0.75,1.0,0.9983333333333334,,0.6269999941190084,0.27166666587193805,2.2751666666666654,0.0,0.0,0.0,0.0028867513459481316,,0.12810544637571564,0.04752192386572864,0.023034394572754507
individualized,counterfactual,0.75,0.75,1.0,0.9866666666666667,,0.5563333034515381,0.1750000019868215,1.9253333333333336,0.0,0.0,0.0,0.012583057392117928,,0.16958871200461045,0.04582575064126057,0.04764801499887845
individualized,improvement,0.75,0.75,1.0,0.945,0.75,0.9396666685740153,0.7483333349227905,2.1589999999999994,0.0,0.0,0.0,0.02179449471770332,0.04092676385936229,0.016441818810977827,0.061711694370447524,0.06257195857570667
subpopulation,acceptance,0.75,0.75,1.0,0.8866666666666667,,0.5220000147819519,0.21833333373069763,2.0867500000000003,0.0,0.0,0.0,0.020207259421636918,,0.15269905414188437,0.01755942102618473,0.1820799961555362
subpopulation,improvement,0.75,0.75,1.0,0.815,,0.812666634718577,0.700000007947286,2.1653333333333333,0.0,0.0,0.0,0.019999999999999962,,0.00986579578745965,0.025000005960470396,0.20884224508784982
