r_type,t_type,eta_mean,gamma_mean,perc_recomm_found_mean,eta_obs_mean,eta_obs_individualized_mean,eta_obs_refits_batch0_mean_mean,gamma_obs_mean,intv-cost_mean,eta_std,gamma_std,perc_recomm_found_std,eta_obs_std,eta_obs_individualized_std,eta_obs_refits_batch0_mean_std,gamma_obs_std,intv-cost_std
individualized,acceptance,0.9,0.9,1.0,1.0,,0.990666667620341,0.0,0.5673333333333331,0.0,0.0,0.0,0.0,,0.01616580588549715,0.0,0.005923118547972181
individualized,counterfactual,0.9,0.9,1.0,1.0,,0.9980000257492065,0.0033333332588275275,0.5571666666666669,0.0,0.0,0.0,0.0,,0.0034640570162037675,0.005773502562848416,0.03678428106315704
individualized,improvement,0.9,0.9,0.9899999999999999,0.8888832487309645,0.8888832487309645,0.8888832330703735,0.8888832529385885,1.6378578680203042,0.0,0.0,0.008660254037844395,0.00516745285336295,0.00516745285336295,0.005167480416871557,0.005167447920860528,0.01005267376566863
subpopulation,acceptance,0.9,0.9,1.0,0.9833333333333334,,0.9783333539962769,0.004999999888241291,0.5608333333333334,0.0,0.0,0.0,0.012583057392117928,,0.014571644827302825,0.004999999888241291,0.007216878364870489
subpopulation,improvement,0.9,0.9,0.985,0.8120848068709202,,0.8120848139127096,0.8120848139127096,1.4099310862961598,0.0,0.0,0.010000000000000009,0.02624478539033162,,0.026244799975918356,0.02624476711348574,0.0816840124031255
