r_type,t_type,pop_density_mean,flu_shot_mean,covid_shots_mean,bmi_diff_mean,appetite_loss_mean,fatigue_mean,fever_mean,causes_mean,non-causes_mean,pop_density_std,flu_shot_std,covid_shots_std,bmi_diff_std,appetite_loss_std,fatigue_std,fever_std,causes_std,non-causes_std
individualized,acceptance,-0.00016331658291457289,0.0,0.0,-0.00016666666666666666,0.5612780569514237,0.0,0.0,-0.00032998324958123947,0.5612780569514237,0.0018987212925822951,0.0,0.0,0.0002886751345948129,0.006257219931891592,0.0,0.0,0.0020872991133954496,0.006257219931891592
individualized,counterfactual,0.0008350083752093803,0.0,0.0,0.0005008375209380235,0.5510259631490789,0.0,0.0,0.001335845896147404,0.5510259631490789,0.0002901366429240132,0.0,0.0,0.0005000021043195368,0.03571396011195686,0.0,0.0,0.00029087549511097084,0.03571396011195686
individualized,improvement,-0.1736537928635442,0.0687734363945097,1.402491726019213,5.660110372152242e-06,,,,1.2976170296605505,0.0,0.019088120885939107,0.019391600649264568,0.05188700967705549,0.0005320729547307284,,,,0.06136273117610468,0.0
subpopulation,acceptance,0.0006777082692373433,0.0,0.005050764024202646,0.0005102040816326531,0.552995419273237,0.0,0.0,0.006238676375072642,0.552995419273237,0.0012845024065287814,0.0,0.005025321836524939,0.0013498731178900973,0.007603240161879361,0.0,0.0,0.006323711991185912,0.007603240161879361
subpopulation,improvement,-0.11081143376163384,0.03873757124090606,1.3108758055178686,0.0011091602598939194,,,,1.239911103257035,0.0,0.01517770798606818,0.02306388364083429,0.08813572891969365,0.00525019694043898,,,,0.06906333573948498,0.0
