r_type,t_type,x1_mean,x2_mean,x3_mean,causes_mean,non-causes_mean,x1_std,x2_std,x3_std,causes_std,non-causes_std,gamma
individualized,acceptance,0.1465,0.19216666666666668,1.9486666666666668,0.33866666666666667,1.9486666666666668,0.04036396908134778,0.11491989964028566,0.07890236582849317,0.09044934125428072,0.07890236582849317,0.75
subpopulation,acceptance,0.059734394097828596,0.17350767909613216,2.2012230443022447,0.23324207319396076,2.2012230443022447,0.020801978827596823,0.13292348263563664,0.043351262613814535,0.15371477307748047,0.043351262613814535,0.75
individualized,counterfactual,-0.004528619528619529,0.05067340067340065,2.3945925925925926,0.04614478114478113,2.3945925925925926,0.0036532029201359127,0.053088327402649536,0.09114928626616518,0.049610755145974066,0.09114928626616518,0.75
individualized,improvement,1.2914999999999999,0.8289999999999997,,2.1204999999999994,0.0,0.03908644266238595,0.04530176596999278,,0.06340544140686959,0.0,0.75
subpopulation,improvement,1.212957238636396,0.7243702703986354,,1.9373275090350315,0.0,0.0018478718120225614,0.08863370109481096,,0.08685938664998409,0.0,0.75
