r_type,t_type,x1_mean,x2_mean,x3_mean,causes_mean,non-causes_mean,x1_std,x2_std,x3_std,causes_std,non-causes_std,gamma
individualized,acceptance,0.1905,0.09416666666666666,1.8629999999999995,0.2846666666666666,1.8629999999999995,0.028394541729001348,0.01631206097748943,0.024844516497608847,0.04361574639202375,0.024844516497608847,0.75
subpopulation,acceptance,0.11140378368442183,0.06122803015478867,2.0047509000010812,0.17263181383921053,2.0047509000010812,0.023454374758096534,0.02410172758983925,0.23025366851919454,0.03777043904094375,0.23025366851919454,0.75
individualized,counterfactual,0.021680134680134678,0.000468013468013468,2.244055555555555,0.02214814814814815,2.244055555555555,0.018536992010077812,0.009589716647236329,0.033963351708264776,0.02485701911285733,0.033963351708264776,0.75
individualized,improvement,1.2786666666666668,0.8184999999999997,,2.0971666666666664,0.0,0.0658755139132384,0.10500000000000008,,0.1300080125735842,0.0,0.75
subpopulation,improvement,1.277859056344121,0.6660688846478199,,1.943927940991941,0.0,0.02604924889240134,0.07975339418504684,,0.055523231921496975,0.0,0.75
