r_type,t_type,x1_mean,x2_mean,x3_mean,causes_mean,non-causes_mean,x1_std,x2_std,x3_std,causes_std,non-causes_std
individualized,acceptance,0.5386666666666667,0.45749999999999996,1.2683333333333333,2.2645,0.0,0.3857749775884036,0.1958296453553444,0.5595268834768653,0.04344249072049181,0.0
individualized,counterfactual,0.5336666666666666,0.5726666666666665,1.9230000000000003,3.0293333333333337,0.0,0.6149159156611033,0.49565722362670434,0.6966937993121516,0.41386632302391124,0.0
individualized,improvement,1.1563333333333334,1.0625,1.8705000000000005,4.089333333333335,0.0,0.04628534685333285,0.07536411612962775,0.15819213001916452,0.2442341772425258,0.0
subpopulation,acceptance,0.5149081632653059,0.5606326530612242,1.424363945578231,2.4999047619047614,0.0,0.4317973882339152,0.22833336203690255,0.6714550522299089,0.012541021126063598,0.0
subpopulation,improvement,1.2480000000000002,0.9686666666666667,1.7279999999999998,3.944666666666667,0.0,0.055387272906327195,0.1269058049631036,0.08625108694967253,0.03692672925312128,0.0
