r_type,t_type,eta_mean,gamma_mean,perc_recomm_found_mean,eta_obs_mean,eta_obs_individualized_mean,eta_obs_refits_batch0_mean_mean,gamma_obs_mean,intv-cost_mean,eta_std,gamma_std,perc_recomm_found_std,eta_obs_std,eta_obs_individualized_std,eta_obs_refits_batch0_mean_std,gamma_obs_std,intv-cost_std
individualized,acceptance,0.85,0.85,1.0,1.0,,0.734333316485087,0.4583333233992259,2.2658333333333336,0.0,0.0,0.0,0.0,,0.07072711579541897,0.11622534069914864,0.04363580334236158
individualized,counterfactual,0.85,0.85,1.0,0.9966666666666667,,0.6316666603088379,0.40166665116945904,3.0313333333333325,0.0,0.0,0.0,0.0028867513459481316,,0.04168133418875128,0.11184064951341516,0.41238372098487724
individualized,improvement,0.85,0.85,1.0,1.0,1.0,0.9816666642824808,0.8566666841506958,4.089666666666667,0.0,0.0,0.0,0.0,0.0,0.013503150584233957,0.012583045391979259,0.24365823058812183
subpopulation,acceptance,0.85,0.85,1.0,0.9316666666666666,,0.7193333109219869,0.446666677792867,2.4868333333333332,0.0,0.0,0.0,0.014433756729740593,,0.07516200730658616,0.13732565351574152,0.040203648258999365
subpopulation,improvement,0.85,0.85,1.0,0.9783333333333334,,0.9539999564488729,0.8316666682561239,3.9446666666666665,0.0,0.0,0.0,0.005773502691896263,,0.009999990463316047,0.022546258105056147,0.03692672925311935
