r_type,t_type,eta_mean,gamma_mean,perc_recomm_found_mean,eta_obs_mean,eta_obs_individualized_mean,eta_obs_refits_batch0_mean_mean,gamma_obs_mean,intv-cost_mean,eta_std,gamma_std,perc_recomm_found_std,eta_obs_std,eta_obs_individualized_std,eta_obs_refits_batch0_mean_std,gamma_obs_std,intv-cost_std
individualized,acceptance,0.9,0.9,1.0,1.0,,0.9926666617393494,0.0,0.5426666666666667,0.0,0.0,0.0,0.0,,0.010115932438981363,0.0,0.03202473002748556
individualized,counterfactual,0.9,0.9,1.0,1.0,,0.9963333209355673,0.0,1.4402872950611645,0.0,0.0,0.0,0.0,,0.0028867141801698065,0.0,0.06467259124458732
individualized,improvement,0.9,0.9,0.9899999999999999,0.9157094998803542,0.9157094998803542,0.9157095352808634,0.9157094955444336,0.5535,0.0,0.0,0.008660254037844393,0.021177568632614035,0.021177568632614035,0.021177568088486667,0.02117757356056731,0.01802082129094006
subpopulation,acceptance,0.9,0.9,1.0,0.985,,0.9834999740123749,0.009999999776482582,1.6155778894472361,0.0,0.0,0.0,0.007071067811865481,,0.007778158745836983,0.007071067653814793,0.031979703671753464
subpopulation,improvement,0.9,0.9,0.9916666666666667,0.8016513544151734,,0.8016513586044312,0.8016513586044312,0.5425,0.0,0.0,0.0028867513459481316,0.02139606227970551,,0.02139605864310788,0.02139605864310788,0.006363961030678934
