r_type,t_type,x1_mean,x2_mean,x3_mean,causes_mean,non-causes_mean,x1_std,x2_std,x3_std,causes_std,non-causes_std
individualized,acceptance,0.17533333333333334,0.17566666666666667,1.9086666666666667,0.351,1.9086666666666667,0.07353627222897104,0.06744318596665888,0.03450483057969357,0.09968324834193559,0.03450483057969357
individualized,counterfactual,0.028333333333333325,0.0275,2.472666666666667,0.055833333333333325,2.472666666666667,0.047828687346960844,0.02298368986912241,0.20594801123908282,0.06245865299006481,0.20594801123908282
individualized,improvement,1.2876666666666667,0.9384999999999998,,2.2261666666666664,0.0,0.05357782501495766,0.042092160790341775,,0.031766072047600666,0.0
subpopulation,acceptance,0.08894472361809046,0.0897822445561139,2.1067001675041883,0.17872696817420433,2.1067001675041883,0.07587939698492463,0.009618008187574951,0.06896759903942652,0.07720453171291512,0.06896759903942652
subpopulation,improvement,1.2567550102458143,0.770436786300368,,2.0271917965461825,0.0,0.07948773723715678,0.1388066552402308,,0.09674813156934362,0.0
