r_type,t_type,eta_mean,gamma_mean,perc_recomm_found_mean,eta_obs_mean,eta_obs_individualized_mean,eta_obs_refits_batch0_mean_mean,gamma_obs_mean,intv-cost_mean,eta_std,gamma_std,perc_recomm_found_std,eta_obs_std,eta_obs_individualized_std,eta_obs_refits_batch0_mean_std,gamma_obs_std,intv-cost_std
individualized,acceptance,0.75,0.75,1.0,0.9966666666666667,,0.6206666628519694,0.26999999086062115,2.27,0.0,0.0,0.0,0.0028867513459481316,,0.11353120659805489,0.017320508763943927,0.07748548251124247
individualized,counterfactual,0.75,0.75,1.0,1.0,,0.5430000225702921,0.19000000258286795,2.5408333333333335,0.0,0.0,0.0,0.0,,0.2051609328933235,0.03500000068119628,0.26387986534279756
individualized,improvement,0.75,0.75,1.0,0.9383333333333334,0.7716666666666666,0.9403333266576132,0.7716666460037231,2.226166666666667,0.0,0.0,0.0,0.01527525231651942,0.016072751268321608,0.02138539007843184,0.007637618874451828,0.031766072047600485
subpopulation,acceptance,0.75,0.75,1.0,0.9199999999999999,,0.5420000155766805,0.2116666634877523,2.290166666666668,0.0,0.0,0.0,0.03774917217635373,,0.1740775865683982,0.03329164315860656,0.10715565002991415
subpopulation,improvement,0.75,0.75,1.0,0.7866666666666667,,0.7920000155766805,0.700000007947286,2.011833333333334,0.0,0.0,0.0,0.020207259421636918,,0.03304541629972054,0.02291288263696622,0.10686478996064831
