r_type,t_type,x1_mean,x2_mean,x3_mean,causes_mean,non-causes_mean,x1_std,x2_std,x3_std,causes_std,non-causes_std
individualized,acceptance,0.134,0.09549999999999999,1.8770000000000011,0.22949999999999998,1.8770000000000011,,,,,
individualized,counterfactual,0.0020100502512562816,0.0010050251256281406,2.1783919597989945,0.003015075376884422,2.1783919597989945,,,,,
individualized,improvement,1.1890000000000005,0.8139999999999994,,2.003,0.0,,,,,
subpopulation,improvement,1.1557788944723613,0.6165829145728642,,1.7723618090452256,0.0,,,,,
