,perc_recomm_found,gamma,eta,gamma_obs,gamma_obs_pre,eta_obs,eta_obs_individualized,costs,lbd,thresh,r_type,t_type,iteration,model_coef,eta_obs_refits_batch0_mean,intv-cost
0,1.0,0.75,0.75,0.7400000095367432,0.17000000178813934,0.88,0.76,"[1.0, 1.0]",300.0,0.5,individualized,improvement,0,"[[-0.05897446218298152, -0.07946590370717452, 1.0141233264903795], [-0.6111710832023379]]",0.8729999661445618,2.0030000000000006
1,1.0,0.75,0.75,0.23000000417232513,0.17499999701976776,0.995,,"[1.0, 1.0, 1.0]",300.0,0.5,individualized,acceptance,0,"[[-0.05897446218298152, -0.07946590370717452, 1.0141233264903795], [-0.6111710832023379]]",0.5960000157356262,2.1245
2,1.0,0.75,0.75,0.20000000298023224,0.1899999976158142,0.995,,"[1.0, 1.0, 1.0]",300.0,0.5,individualized,counterfactual,0,"[[-0.05897446218298152, -0.07946590370717452, 1.0141233264903795], [-0.6111710832023379]]",0.527999997138977,2.1814999999999998
3,1.0,0.75,0.75,0.6800000071525574,0.20999999344348907,0.76,,"[1.0, 1.0]",300.0,0.5,subpopulation,improvement,0,"[[-0.05897446218298152, -0.07946590370717452, 1.0141233264903795], [-0.6111710832023379]]",0.7509999871253967,1.764
