r_type,t_type,x1_mean,x2_mean,x3_mean,causes_mean,non-causes_mean,x1_std,x2_std,x3_std,causes_std,non-causes_std
individualized,acceptance,0.3578333333333334,0.42,1.6256666666666668,2.4035,0.0,0.1704474503573853,0.2494934868889365,0.1371143075442286,0.252465839273356,0.0
individualized,counterfactual,0.17137710437710454,0.3593771043771043,2.3494848484848485,2.880239057239057,0.0,0.09954955294636236,0.40304062112856476,0.10208196687678281,0.5805462855164171,0.0
individualized,improvement,1.3260000000000007,1.1273333333333335,1.3454999999999995,3.798833333333334,0.0,0.027717323103070613,0.03466386206603865,0.19132367861819924,0.22204297632065154,0.0
subpopulation,acceptance,0.2686666666666669,0.5876666666666666,1.7630000000000001,2.6193333333333335,0.0,0.0766425686765086,0.3200821509133764,0.08244240413767633,0.42224588018515224,0.0
subpopulation,improvement,1.4711666666666667,1.1830000000000003,1.5381666666666665,4.192333333333333,0.0,0.15711169063228003,0.09034932207825395,0.1623956074939629,0.25392338083235455,0.0
