r_type,t_type,eta_mean,gamma_mean,perc_recomm_found_mean,eta_obs_mean,eta_obs_individualized_mean,eta_obs_refits_batch0_mean_mean,gamma_obs_mean,intv-cost_mean,eta_std,gamma_std,perc_recomm_found_std,eta_obs_std,eta_obs_individualized_std,eta_obs_refits_batch0_mean_std,gamma_obs_std,intv-cost_std
individualized,acceptance,0.9499999999999998,0.9499999999999998,1.0,1.0,,0.6529999772707621,0.40166666110356647,2.4075,1.3597399555105182e-16,1.3597399555105182e-16,0.0,0.0,,0.06993569670901632,0.11094291335316996,0.24911643863864155
individualized,counterfactual,0.9499999999999998,0.9499999999999998,1.0,0.9933333333333333,,0.5379999975363413,0.3333333283662796,2.8768333333333316,1.3597399555105182e-16,1.3597399555105182e-16,0.0,0.00763762615825974,,0.1481080919232927,0.12858200572736248,0.585069725189512
individualized,improvement,0.9499999999999998,0.9499999999999998,1.0,1.0,1.0,0.9910000363985697,0.9666666587193807,3.798833333333333,1.3597399555105182e-16,1.3597399555105182e-16,0.0,0.0,0.0,0.003000020981032332,0.011547028784467754,0.22204297632064937
subpopulation,acceptance,0.9499999999999998,0.9499999999999998,1.0,0.9766666666666666,,0.6309999624888102,0.3800000051657359,2.626000000000001,1.3597399555105182e-16,1.3597399555105182e-16,0.0,0.00763762615825974,,0.10544665219440906,0.06946222234989348,0.4184283092717315
subpopulation,improvement,0.9499999999999998,0.9499999999999998,1.0,0.9966666666666667,,0.9913333058357239,0.9516666531562805,4.192333333333333,1.3597399555105182e-16,1.3597399555105182e-16,0.0,0.0028867513459481316,,0.0032145768554740868,0.015275237748903657,0.2539233808323558
