r_type,t_type,pop_density_mean,flu_shot_mean,covid_shots_mean,bmi_diff_mean,appetite_loss_mean,fatigue_mean,fever_mean,causes_mean,non-causes_mean,pop_density_std,flu_shot_std,covid_shots_std,bmi_diff_std,appetite_loss_std,fatigue_std,fever_std,causes_std,non-causes_std
individualized,acceptance,0.00016038370158461698,0.0,0.005128564803481297,-0.00017097613846778776,0.5328560757134441,0.0,0.0,0.005117972366598126,0.5328560757134441,0.0019513842771895942,0.0,5.260343137589973e-05,0.0005922086334008467,0.0053614540522060414,0.0,0.0,0.002329596233236672,0.0053614540522060414
individualized,counterfactual,-0.0010000000000000002,0.0,0.0,-0.0005085216425422611,0.5605561109375542,0.0,0.0,-0.0015085216425422612,0.5605561109375542,0.0017320508075688774,0.0,0.0,0.0005050862887054352,0.024600482511594045,0.0,0.0,0.0013151225157419547,0.024600482511594045
individualized,improvement,-0.07973484848484848,0.030567300916138126,1.1566243833685694,0.0,,,,1.1074568357998593,0.0,0.006778609912186854,0.017450533859017417,0.03741210787880121,0.0005681818181818183,,,,0.025753962193947454,0.0
subpopulation,acceptance,0.004497088381703766,0.0019723865877712033,0.009806048652202498,0.0037151779844087542,0.4439953977646285,0.0,0.0,0.019990701606086222,0.4439953977646285,0.004531595449375009,0.003416273782187134,0.006881974524068954,0.0003957091505568804,0.02298653288124081,0.0,0.0,0.014488677180638412,0.02298653288124081
subpopulation,improvement,-0.07079804292929293,0.05217234848484848,1.1064949494949496,0.0005836489898989897,,,,1.0884529040404043,0.0,0.019065542159981012,0.017466149682398846,0.01607393195966736,0.003519314534659654,,,,0.015723601816639652,0.0
