r_type,t_type,eta_mean,gamma_mean,perc_recomm_found_mean,eta_obs_mean,eta_obs_individualized_mean,eta_obs_refits_batch0_mean_mean,gamma_obs_mean,intv-cost_mean,eta_std,gamma_std,perc_recomm_found_std,eta_obs_std,eta_obs_individualized_std,eta_obs_refits_batch0_mean_std,gamma_obs_std,intv-cost_std
individualized,acceptance,0.75,0.75,1.0,0.9983333333333334,,0.965666651725769,0.0033333332588275275,0.5685000000000001,0.0,0.0,0.0,0.0028867513459481316,,0.016441784975916893,0.002886751281424208,0.027418059741710386
individualized,counterfactual,0.75,0.75,1.0,1.0,,0.9729999899864197,0.0016666666294137638,1.0349558371735792,0.0,0.0,0.0,0.0,,0.01646207388217024,0.002886751281424208,0.00504962202614524
individualized,improvement,0.75,0.75,0.9483333333333333,0.782112689130233,0.780349020699898,0.7803490161895752,0.7803490161895752,0.5515,0.0,0.0,0.0028867513459481316,0.02324015518491789,0.020794199815578347,0.020794184650251124,0.020794184650251124,0.010331989159885892
subpopulation,acceptance,0.75,0.75,1.0,0.8133333333333334,,0.7846666574478149,0.020000000173846882,1.2268421052631577,0.0,0.0,0.0,0.030550504633038898,,0.015011122860567237,0.008660254381971964,0.02307401075450834
subpopulation,improvement,0.75,0.75,0.9333333333333332,0.6223235210130372,,0.6223235328992208,0.6223235328992208,0.44166666666666665,0.0,0.0,0.025166114784235798,0.05316426776315115,,0.05316427598333586,0.05316427598333586,0.015885003409925172
