r_type,t_type,eta_mean,gamma_mean,perc_recomm_found_mean,eta_obs_mean,eta_obs_individualized_mean,eta_obs_refits_batch0_mean_mean,gamma_obs_mean,intv-cost_mean,eta_std,gamma_std,perc_recomm_found_std,eta_obs_std,eta_obs_individualized_std,eta_obs_refits_batch0_mean_std,gamma_obs_std,intv-cost_std
individualized,acceptance,0.75,0.75,1.0,1.0,,0.7200000087420145,0.22499999403953552,2.4528333333333334,0.0,0.0,0.0,0.0,,0.17700848221525298,0.03499999216624688,0.12804719182134888
individualized,counterfactual,0.75,0.75,1.0,0.9816666666666666,,0.670000026623408,0.17666666706403097,1.9186666666666667,0.0,0.0,0.0,0.020207259421636918,,0.2216212860943028,0.015275254007404484,0.07693557911222419
individualized,improvement,0.75,0.75,1.0,0.9283333333333333,0.7833333333333333,0.9249999721844991,0.7433333396911621,2.3010000000000006,0.0,0.0,0.0,0.010408329997330611,0.00763762615825974,0.008717801880068534,0.005773497185855025,0.14265254992463286
subpopulation,acceptance,0.75,0.75,1.0,0.8916666666666666,,0.6450000206629435,0.21666666865348816,2.10825,0.0,0.0,0.0,0.033291640592397,,0.20831705500546968,0.0028867485929275124,0.0844992603517924
subpopulation,improvement,0.75,0.75,1.0,0.7716666666666666,,0.7703333298365275,0.6866666674613953,2.4119999999999995,0.0,0.0,0.0,0.02362907813126306,,0.028041602733121024,0.05346338507742625,0.14466599462209456
