r_type,t_type,pop_density_mean,flu_shot_mean,covid_shots_mean,bmi_diff_mean,appetite_loss_mean,fatigue_mean,fever_mean,causes_mean,non-causes_mean,pop_density_std,flu_shot_std,covid_shots_std,bmi_diff_std,appetite_loss_std,fatigue_std,fever_std,causes_std,non-causes_std,gamma
individualized,acceptance,0.0003333333333333333,0.0,0.0,0.0,0.5534547738693467,0.0,0.0,0.0003333333333333333,0.5534547738693467,0.0005773502691896258,0.0,0.0,0.0,0.019432200275971468,0.0,0.0,0.0005773502691896258,0.019432200275971468,0.9
subpopulation,acceptance,0.0005076142131979696,0.0,0.005076142131979695,0.0,0.5406091370558375,0.0,0.0,0.005583756345177665,0.5406091370558375,0.002153624714273749,0.0,0.007178749047579162,0.0,0.000717874904757887,0.0,0.0,0.009332373761852912,0.000717874904757887,0.9
individualized,counterfactual,0.00016666666666666666,0.0,0.0,0.0,0.5421666666666667,0.0,0.0,0.00016666666666666666,0.5421666666666667,0.0002886751345948129,0.0,0.0,0.0,0.03219601424607302,0.0,0.0,0.0002886751345948129,0.03219601424607302,0.9
individualized,improvement,-0.171804393447852,0.035053398605859744,1.4336925169988641,-0.00018018018018018018,,,,1.2967613419766917,0.0,0.010076347690621159,0.0022717875944132404,0.02509585773619245,0.0003120812265889869,,,,0.02932751261429515,0.0,0.9
subpopulation,improvement,-0.13355898687241397,0.029985564853605692,1.3243491776529728,0.0007165473067996666,,,,1.2214923029409641,0.0,0.022524989537497417,0.012015754765401794,0.08107885634571019,0.002129737903208034,,,,0.05570009001436308,0.0,0.9
