r_type,t_type,x1_mean,x2_mean,x3_mean,causes_mean,non-causes_mean,x1_std,x2_std,x3_std,causes_std,non-causes_std
individualized,acceptance,0.7470000000000002,0.357,1.462,2.566,0.0,,,,,
individualized,counterfactual,0.6409999999999997,0.5455000000000001,2.6479999999999997,3.8344999999999994,0.0,,,,,
individualized,improvement,1.0260000000000007,0.9935000000000005,1.6390000000000011,3.6585000000000023,0.0,,,,,
subpopulation,improvement,1.1040609137055832,0.8802030456852792,1.6766497461928929,3.6609137055837557,0.0,,,,,
