,perc_recomm_found,gamma,eta,gamma_obs,gamma_obs_pre,eta_obs,eta_obs_individualized,costs,lbd,thresh,r_type,t_type,iteration,model_coef,eta_obs_refits_batch0_mean,intv-cost
0,1.0,0.75,0.75,0.7749999761581421,0.08500000089406967,1.0,1.0,"[1.0, 1.0, 1.0]",300.0,0.5,individualized,improvement,0,"[[0.9274013888744691, 0.8463875158559835, 1.1537476469145018], [-0.007606834050505404]]",0.9729999303817749,3.6595000000000018
1,1.0,0.75,0.75,0.574999988079071,0.11999999731779099,1.0,,"[1.0, 1.0, 1.0]",300.0,0.5,individualized,acceptance,0,"[[0.9274013888744691, 0.8463875158559835, 1.1537476469145018], [-0.007606834050505404]]",0.7720000147819519,2.566
2,1.0,0.75,0.75,0.5149999856948853,0.10000000149011612,1.0,,"[1.0, 1.0, 1.0]",300.0,0.5,individualized,counterfactual,0,"[[0.9274013888744691, 0.8463875158559835, 1.1537476469145018], [-0.007606834050505404]]",0.5870000123977661,3.834500000000001
3,1.0,0.75,0.75,0.7699999809265137,0.15000000596046448,0.93,,"[1.0, 1.0, 1.0]",300.0,0.5,subpopulation,improvement,0,"[[0.9274013888744691, 0.8463875158559835, 1.1537476469145018], [-0.007606834050505404]]",0.8989999890327454,3.607499999999998
