r_type,t_type,years_experience_mean,degree_mean,nr_commits_mean,nr_languages_mean,nr_stars_mean,causes_mean,non-causes_mean,years_experience_std,degree_std,nr_commits_std,nr_languages_std,nr_stars_std,causes_std,non-causes_std,gamma
individualized,acceptance,0.0,0.0,1040.3799999999999,0.005,0.03,0.0,1040.415,0.0,0.0,123.62975683467144,0.008660254037844385,0.018027756377319945,0.0,123.65081186551109,0.75
subpopulation,acceptance,0.0,0.0,1015.585,0.0,0.005,0.0,1015.59,0.0,0.0,85.3873838749027,0.0,0.008660254037844387,0.0,85.38487263561382,0.75
individualized,counterfactual,0.0,0.0,989.7666666666668,0.0,0.03166666666666667,0.0,989.7983333333335,0.0,0.0,121.5222414142092,0.0,0.015275252316519466,0.0,121.5093918523723,0.75
individualized,improvement,0.5566666666666666,1.4100000000000001,,,,1.9666666666666668,0.0,0.025166114784235805,0.05220153254455273,,,,0.07285830998131453,0.0,0.75
subpopulation,improvement,0.48500000000000004,1.405,,,,1.89,0.0,0.08231038816577162,0.13257073583562853,,,,0.1393735986476636,0.0,0.75
