r_type,t_type,years_experience_mean,degree_mean,nr_commits_mean,nr_languages_mean,nr_stars_mean,causes_mean,non-causes_mean,years_experience_std,degree_std,nr_commits_std,nr_languages_std,nr_stars_std,causes_std,non-causes_std
individualized,acceptance,0.0,0.0,1003.0996801346802,0.0,2.0316666666666667,0.0,1005.1313468013468,0.0,0.0,62.99635150413232,0.0,3.5189498907107684,0.0,59.95442215337123
individualized,counterfactual,0.0,0.0,992.6542211055277,0.0,2.0650167504187604,0.0,994.7192378559463,0.0,0.0,133.27084884341048,0.0,3.568013695953263,0.0,130.62054367762016
individualized,improvement,0.5733333333333334,1.3433333333333335,,,,1.9166666666666667,0.0,0.07973915809270457,0.04645786621588783,,,,0.03329164059239702,0.0
subpopulation,acceptance,0.0,0.0,990.8450000000001,0.0,1.968333333333333,0.0,992.8133333333334,0.0,0.0,110.8511628265577,0.0,3.357425849268057,0.0,108.86505480792876
subpopulation,improvement,0.5583333333333332,1.3916666666666666,,,,1.95,0.0,0.029297326385411538,0.020816659994661344,,,,0.008660254037844458,0.0
