r_type,t_type,eta_mean,gamma_mean,perc_recomm_found_mean,eta_obs_mean,eta_obs_individualized_mean,eta_obs_refits_batch0_mean_mean,gamma_obs_mean,intv-cost_mean,eta_std,gamma_std,perc_recomm_found_std,eta_obs_std,eta_obs_individualized_std,eta_obs_refits_batch0_mean_std,gamma_obs_std,intv-cost_std
individualized,acceptance,0.75,0.75,1.0,1.0,,0.859,0.0016666666666666668,0.30574250000000003,0.0,0.0,0.0,0.0,,0.24162160499425547,0.002886751345948129,0.346954872231606
individualized,counterfactual,0.75,0.75,1.0,1.0,,0.843,0.0,9.75,0.0,0.0,0.0,0.0,,0.26240998456613657,0.0,0.04330127018922255
individualized,improvement,0.75,0.75,1.0,0.9283333333333333,0.9283333333333333,0.9263333333333333,0.9283333333333333,0.303476,0.0,0.0,0.0,0.0028867513459481316,0.0028867513459481316,0.0032145502536643214,0.0028867513459481316,0.3464191820147234
subpopulation,acceptance,0.75,0.75,1.0,1.0,,0.8476666666666667,0.0016666666666666668,9.4875,0.0,0.0,0.0,0.0,,0.2569286541694666,0.002886751345948129,0.01767766952966394
subpopulation,improvement,0.75,0.75,1.0,0.9316666666666666,,0.9296666666666668,0.9316666666666666,0.29591783333333327,0.0,0.0,0.0,0.03403429642777019,,0.03550117368951807,0.03403429642777019,0.3291951376255933
