r_type,t_type,x1_mean,x2_mean,x3_mean,causes_mean,non-causes_mean,x1_std,x2_std,x3_std,causes_std,non-causes_std
individualized,acceptance,0.143499162479062,0.12068006700167504,1.9373819095477387,0.264179229480737,1.9373819095477387,0.060896309862487945,0.11891091017567494,0.013959799673312677,0.13719576992091687,0.013959799673312677
individualized,counterfactual,0.0046565656565656565,0.013629629629629632,2.260154882154882,0.01828619528619529,2.260154882154882,0.014162131289353017,0.021431943199355763,0.10704252551428371,0.03053952176921224,0.10704252551428371
individualized,improvement,1.6801666666666673,1.2708333333333326,,2.951,0.0,0.056679655374157936,0.08891615901135907,,0.14421945083795012,0.0
subpopulation,acceptance,0.03413885081975536,0.06807763565301256,2.291729497656634,0.10221648647276792,2.291729497656634,0.04789361660715052,0.08176490805590803,0.1364380219127788,0.12142226494872711,0.1364380219127788
subpopulation,improvement,1.7643333333333333,1.1703333333333334,,2.9346666666666668,0.0,0.04567913455105367,0.05232192019921806,,0.0969346859144508,0.0
