r_type,t_type,eta_mean,gamma_mean,perc_recomm_found_mean,eta_obs_mean,eta_obs_individualized_mean,eta_obs_refits_batch0_mean_mean,gamma_obs_mean,intv-cost_mean,eta_std,gamma_std,perc_recomm_found_std,eta_obs_std,eta_obs_individualized_std,eta_obs_refits_batch0_mean_std,gamma_obs_std,intv-cost_std
individualized,acceptance,0.9,0.9,1.0,1.0,,0.6613333423932394,0.2399999996026357,2.215833333333333,0.0,0.0,0.0,0.0,,0.018717212081011427,0.04272002333087721,0.13482334120371436
individualized,counterfactual,0.9,0.9,1.0,0.9899999999999999,,0.6233333150545756,0.18000000218550363,2.2949999999999995,0.0,0.0,0.0,0.010000000000000009,,0.004041426890889132,0.008660254381971964,0.13516193990913247
individualized,improvement,0.9,0.9,1.0,0.9983333333333334,0.9383333333333334,0.9963333408037821,0.8833333253860474,2.9510000000000005,0.0,0.0,0.0,0.0028867513459481316,0.00763762615825968,0.006350840021888985,0.020816640142347336,0.14421945083795032
subpopulation,acceptance,0.9,0.9,1.0,0.975,,0.6070000131924947,0.1933333327372869,2.4205,0.0,0.0,0.0,0.018027756377319962,,0.006244951001868249,0.027537848569841074,0.20444070044881044
subpopulation,improvement,0.9,0.9,1.0,0.9783333333333334,,0.9703333179155985,0.8766666849454244,2.9346666666666668,0.0,0.0,0.0,0.00763762615825974,,0.012220207108092492,0.030550508014808967,0.09693468591445092
