r_type,t_type,x1_mean,x2_mean,x3_mean,causes_mean,non-causes_mean,x1_std,x2_std,x3_std,causes_std,non-causes_std
individualized,acceptance,0.11972751322751328,0.08527248677248678,1.4938280423280421,0.20500000000000007,1.4938280423280421,0.16019583912857316,0.1163524021122137,0.7537150274981764,0.27584234627772447,0.7537150274981764
individualized,counterfactual,0.010429292929292913,-0.006974747474747483,1.7815505050505047,0.0034545454545454337,1.7815505050505047,0.07491029887310169,0.03427918492512186,1.0053845488098643,0.10900784716616345,1.0053845488098643
individualized,improvement,1.2388512544802865,0.8000681003584226,,2.0389193548387095,0.0,0.044045330136936074,0.043200370108282524,,0.007800134073930083,0.0
subpopulation,acceptance,0.06499003641860787,0.04478458049886619,1.6379148629148628,0.10977461691747405,1.6379148629148628,0.10598526412755825,0.031526582574824394,0.9605388036707295,0.13292392061967725,0.9605388036707295
subpopulation,improvement,1.2095466988727859,0.729643610013175,,1.939190308885961,0.0,0.07209838300689682,0.10227484484132908,,0.16504153953568992,0.0
