r_type,t_type,eta_mean,gamma_mean,perc_recomm_found_mean,eta_obs_mean,eta_obs_individualized_mean,eta_obs_refits_batch0_mean_mean,gamma_obs_mean,intv-cost_mean,eta_std,gamma_std,perc_recomm_found_std,eta_obs_std,eta_obs_individualized_std,eta_obs_refits_batch0_mean_std,gamma_obs_std,intv-cost_std
individualized,acceptance,0.85,0.85,1.0,1.0,,0.9959999918937683,0.0,0.5561666666666666,0.0,0.0,0.0,0.0,,0.0040000081062316895,0.0,0.016158073317488343
individualized,counterfactual,0.85,0.85,1.0,1.0,,0.990000049273173,0.004999999888241291,0.549,0.0,0.0,0.0,0.0,,0.00346412584171918,0.004999999888241291,0.011757976016304966
individualized,improvement,0.85,0.85,0.96,0.8475313928957409,0.8475313928957409,0.8475313782691956,0.8475313981374105,1.4606135924854922,0.0,0.0,0.018027756377319962,0.02598435509923528,0.02598435509923528,0.025984294391852937,0.025984356368821435,0.02752754252051452
subpopulation,acceptance,0.85,0.85,1.0,0.9516666666666667,,0.9423333207766215,0.0033333332588275275,0.5236666666666666,0.0,0.0,0.0,0.011547005383792525,,0.004932956295519905,0.002886751281424208,0.0028431203515389817
subpopulation,improvement,0.85,0.85,0.9633333333333333,0.7284521138298251,,0.7284521261850992,0.7284521261850992,1.2232984293193712,0.0,0.0,0.014433756729740658,0.007849964927276423,,0.007849962985836501,0.007849962985836501,0.02477800894453163
