r_type,t_type,pop_density_mean,flu_shot_mean,covid_shots_mean,bmi_diff_mean,appetite_loss_mean,fatigue_mean,fever_mean,causes_mean,non-causes_mean,pop_density_std,flu_shot_std,covid_shots_std,bmi_diff_std,appetite_loss_std,fatigue_std,fever_std,causes_std,non-causes_std
individualized,acceptance,0.001,0.0,0.0,-0.0003333333333333333,0.5484999999999999,0.0,0.0,0.0006666666666666666,0.5484999999999999,0.002179449471770337,0.0,0.0,0.0005773502691896258,0.016703293088490022,0.0,0.0,0.0018929694486000915,0.016703293088490022
individualized,counterfactual,5.05050505050504e-06,0.0,0.0,-0.00033164983164983173,0.5431717171717173,0.0,0.0,-0.0003265993265993267,0.5431717171717173,0.0013314667834876952,0.0,0.0,0.0010428569365334072,0.013581593149642041,0.0,0.0,0.0020929900671076925,0.013581593149642041
individualized,improvement,-0.13626834477627564,0.04089953690737865,1.2947555962918642,0.0005376344086021506,,,,1.1999244228315693,0.0,0.012223764954910753,0.015252827574593406,0.023022827435165465,0.0009312101115961707,,,,0.020615990037823554,0.0
subpopulation,acceptance,0.0011982919985911757,0.0,0.001763668430335097,0.0005191081668269403,0.5262211787953498,0.0,0.0,0.0034810685957532127,0.5262211787953498,0.0024743582006391067,0.0,0.0030547633290456387,0.000523616992602466,0.0022306780182968487,0.0,0.0,0.0008411270081790421,0.0022306780182968487
subpopulation,improvement,-0.09492125042593902,0.025201501926555004,1.202386569159393,0.0027242569002123144,,,,1.1353910775602214,0.0,0.015946317417509334,0.017055038699888135,0.041760142490450604,0.0028166499221558253,,,,0.026471344530368278,0.0
