r_type,t_type,eta_mean,gamma_mean,perc_recomm_found_mean,eta_obs_mean,eta_obs_individualized_mean,eta_obs_refits_batch0_mean_mean,gamma_obs_mean,intv-cost_mean,eta_std,gamma_std,perc_recomm_found_std,eta_obs_std,eta_obs_individualized_std,eta_obs_refits_batch0_mean_std,gamma_obs_std,intv-cost_std
individualized,acceptance,0.75,0.75,1.0,1.0,,0.9953333139419556,0.0016666666294137638,0.5496666666666667,0.0,0.0,0.0,0.0,,0.0020816153380356266,0.002886751281424208,0.013604533558095048
subpopulation,acceptance,0.75,0.75,1.0,0.9266666666666667,,0.9206666946411133,0.01833333323399226,1.2345305988155295,0.0,0.0,0.0,0.017559422921421187,,0.019139799043687414,0.007637626394007988,0.0021946832537374796
individualized,counterfactual,0.75,0.75,1.0,1.0,,0.9956666628519694,0.0,1.010650503983837,0.0,0.0,0.0,0.0,,0.003055011130741204,0.0,0.032175089747596836
individualized,improvement,0.75,0.75,0.955,0.7991586555485247,0.7991586555485247,0.7991586526234945,0.7991586526234945,0.5581666666666668,0.0,0.0,0.015000000000000013,0.015008462311140641,0.015008462311140641,0.015008465156783463,0.015008465156783463,0.024110855093366846
subpopulation,improvement,0.75,0.75,0.9266666666666667,0.591941391941392,,0.5919414162635803,0.5919414162635803,0.5176666666666666,0.0,0.0,0.017559422921421187,0.01790006113241116,,0.017900060065484374,0.017900060065484374,0.0025658007197235126
