r_type,t_type,x1_mean,x2_mean,x3_mean,causes_mean,non-causes_mean,x1_std,x2_std,x3_std,causes_std,non-causes_std
individualized,acceptance,0.5614999999999999,0.34016666666666656,1.6018333333333334,2.5035000000000003,0.0,0.16992056967889407,0.10323799365220784,0.19949456968382284,0.1550387048449518,0.0
individualized,counterfactual,0.3635000000000001,0.417,2.3995,3.18,0.0,0.18317273268693673,0.10250365847129546,0.1895072557977658,0.14644879651263742,0.0
individualized,improvement,0.9441666666666667,1.006,1.5821666666666667,3.5323333333333333,0.0,0.08763037905505913,0.09059939293394835,0.18563157956913903,0.35510080728341586,0.0
subpopulation,acceptance,0.534289782244556,0.4028802345058627,1.6555686767169178,2.5927386934673367,0.0,0.20013122764428953,0.140483344434372,0.18063094543323063,0.13521370965663543,0.0
subpopulation,improvement,1.0350723905723902,0.8859595959595957,1.5235454545454543,3.44457744107744,0.0,0.049124047387868415,0.046061935121707843,0.22042526053075912,0.30528239648938005,0.0
