r_type,t_type,eta_mean,gamma_mean,perc_recomm_found_mean,eta_obs_mean,eta_obs_individualized_mean,eta_obs_refits_batch0_mean_mean,gamma_obs_mean,intv-cost_mean,eta_std,gamma_std,perc_recomm_found_std,eta_obs_std,eta_obs_individualized_std,eta_obs_refits_batch0_mean_std,gamma_obs_std,intv-cost_std
individualized,acceptance,0.75,0.75,1.0,1.0,,0.6170000235239664,0.501666655143102,2.504166666666667,0.0,0.0,0.0,0.0,,0.03296968974722243,0.07285831446717511,0.1550526792201068
individualized,counterfactual,0.75,0.75,1.0,0.9983333333333334,,0.3983333309491475,0.4533333381017049,3.181000000000001,0.0,0.0,0.0,0.0028867513459481316,,0.04654389835848308,0.04072263439248063,0.14786057621962814
individualized,improvement,0.75,0.75,1.0,0.9966666666666667,1.0,0.9826666514078776,0.79666668176651,3.5323333333333338,0.0,0.0,0.0,0.0028867513459481316,0.0,0.01665337128907739,0.005773497185855025,0.3551008072834134
subpopulation,acceptance,0.75,0.75,1.0,0.835,,0.5273333291212717,0.4866666595141093,2.5863333333333336,0.0,0.0,0.0,0.030413812651491123,,0.040673496323934924,0.06788471022031461,0.13172825563763338
subpopulation,improvement,0.75,0.75,1.0,0.9433333333333334,,0.9296666383743286,0.7816666563351949,3.4228333333333336,0.0,0.0,0.0,0.018929694486000865,,0.022590508196390573,0.03329164315860656,0.29208489062827886
