r_type,t_type,eta_mean,gamma_mean,perc_recomm_found_mean,eta_obs_mean,eta_obs_individualized_mean,eta_obs_refits_batch0_mean_mean,gamma_obs_mean,intv-cost_mean,eta_std,gamma_std,perc_recomm_found_std,eta_obs_std,eta_obs_individualized_std,eta_obs_refits_batch0_mean_std,gamma_obs_std,intv-cost_std
individualized,acceptance,0.75,0.75,1.0,1.0,,0.6246666610240936,0.40000001589457196,5.364666666666667,0.0,0.0,0.0,0.0,,0.13308017767170785,0.17578396529749638,0.9847426482758489
subpopulation,acceptance,0.75,0.75,1.0,0.9,,0.5956666568915049,0.45999998847643536,6.073749999999998,0.0,0.0,0.0,0.03500000000000003,,0.15222459458693144,0.17521415171977175,0.5589679105279707
individualized,counterfactual,0.75,0.75,1.0,0.8883333333333333,,0.5309999783833822,0.361666664481163,6.015333333333334,0.0,0.0,0.0,0.18481973199129284,,0.2059101472550362,0.18305281674907417,0.3350706393185372
individualized,improvement,0.75,0.75,1.0,0.9266666666666666,1.0,0.6929999987284342,0.7916666865348816,4.371999999999998,0.0,0.0,0.0,0.09451631252505219,0.0,0.08314450730335775,0.005773497185855025,0.2646020597047581
subpopulation,improvement,0.75,0.75,1.0,0.9083333333333333,,0.6869999965031942,0.7399999896685282,4.642166666666668,0.0,0.0,0.0,0.07005949852327903,,0.07727221957956613,0.032787188622082554,0.7989891008851959
