r_type,t_type,years_experience_mean,degree_mean,nr_commits_mean,nr_languages_mean,nr_stars_mean,causes_mean,non-causes_mean,years_experience_std,degree_std,nr_commits_std,nr_languages_std,nr_stars_std,causes_std,non-causes_std
individualized,acceptance,0.0,0.0,1173.1678282828282,0.0067003367003367,0.7253535353535353,0.0,1173.899882154882,0.0,0.0,261.0252851224186,0.005802881584483324,1.1962395292437775,0.0,262.2215288789563
individualized,counterfactual,0.0,0.0,1146.0049999999999,0.015000000000000001,0.7683333333333334,0.0,1146.7883333333332,0.0,0.0,272.9692065508488,0.01802775637731995,1.3005992208721844,0.0,274.2545688467802
individualized,improvement,0.5233333333333333,1.345,,,,1.8683333333333334,0.0,0.0652559065015063,0.03499999999999992,,,,0.05346338310781809,0.0
subpopulation,acceptance,0.0,0.0,1244.6175,0.0,1.0875000000000001,0.0,1245.705,0.0,0.0,370.00422985757876,0.0,1.5167440456451446,0.0,371.520973903224
subpopulation,improvement,0.5558375209380234,1.3908626465661642,,,,1.9467001675041875,0.0,0.0467858244470589,0.11000329513067274,,,,0.06356655476354098,0.0
