r_type,t_type,eta_mean,gamma_mean,perc_recomm_found_mean,eta_obs_mean,eta_obs_individualized_mean,eta_obs_refits_batch0_mean_mean,gamma_obs_mean,intv-cost_mean,eta_std,gamma_std,perc_recomm_found_std,eta_obs_std,eta_obs_individualized_std,eta_obs_refits_batch0_mean_std,gamma_obs_std,intv-cost_std
individualized,acceptance,0.85,0.85,1.0,1.0,,0.715,0.0016666666666666668,0.18872733333333336,0.0,0.0,0.0,0.0,,0.13663454907160194,0.002886751345948129,0.1436425462531327
individualized,counterfactual,0.85,0.85,1.0,1.0,,0.7163333333333334,0.0,0.19158416666666667,0.0,0.0,0.0,0.0,,0.16589253549612568,0.0,0.15717531563538636
individualized,improvement,0.85,0.85,1.0,0.9566666666666667,0.9566666666666667,0.9566666666666667,0.9566666666666667,9.341666666666667,0.0,0.0,0.0,0.005773502691896262,0.005773502691896262,0.005773502691896262,0.005773502691896262,0.26731691553909087
subpopulation,acceptance,0.85,0.85,1.0,1.0,,0.6465,0.0,0.23321224999999998,0.0,0.0,0.0,0.0,,0.1859690834520621,0.0,0.18867553465705345
subpopulation,improvement,0.85,0.85,1.0,0.9416666666666668,,0.9419999999999998,0.9416666666666668,9.725,0.0,0.0,0.0,0.018929694486000865,,0.018357559750685735,0.018929694486000865,0.3031088913245527
