,perc_recomm_found,gamma,eta,gamma_obs,gamma_obs_pre,eta_obs,eta_obs_individualized,costs,lbd,thresh,r_type,t_type,iteration,model_coef,eta_obs_refits_batch0_mean,intv-cost
0,1.0,0.75,0.75,0.800000011920929,0.10999999940395355,0.995,1.0,"[1.0, 1.0, 1.0]",300.0,0.5,individualized,improvement,0,"[[0.540925765255775, 0.7046550909549307, 1.2223566955787666], [-0.06723120098125714]]",0.9880000352859497,3.6994999999999965
1,1.0,0.75,0.75,0.41999998688697815,0.125,1.0,,"[1.0, 1.0, 1.0]",300.0,0.5,individualized,acceptance,0,"[[0.540925765255775, 0.7046550909549307, 1.2223566955787666], [-0.06723120098125714]]",0.5960000157356262,2.6615
2,1.0,0.75,0.75,0.42500001192092896,0.14499999582767487,0.995,,"[1.0, 1.0, 1.0]",300.0,0.5,individualized,counterfactual,0,"[[0.540925765255775, 0.7046550909549307, 1.2223566955787666], [-0.06723120098125714]]",0.3959999978542328,3.320500000000002
