r_type,t_type,pop_density_mean,flu_shot_mean,covid_shots_mean,bmi_diff_mean,appetite_loss_mean,fatigue_mean,fever_mean,causes_mean,non-causes_mean,pop_density_std,flu_shot_std,covid_shots_std,bmi_diff_std,appetite_loss_std,fatigue_std,fever_std,causes_std,non-causes_std
individualized,acceptance,0.00016750418760469018,0.0,0.0,-0.0001683417085427136,0.5649891122278056,0.0,0.0,-8.375209380234279e-07,0.5649891122278056,0.0005780769486801232,0.0,0.0,0.0007665046348974742,0.02511611934810254,0.0,0.0,0.000501256806169253,0.02511611934810254
individualized,counterfactual,0.0005033670033670034,0.0,0.0,0.00016666666666666666,0.561476430976431,0.0,0.0,0.0006700336700336701,0.561476430976431,0.0005050589224887779,0.0,0.0,0.0007637626158259734,0.03485720002767476,0.0,0.0,0.0005802881584483326,0.03485720002767476
individualized,improvement,-0.1535123260145905,0.06981351014391621,1.768514688060323,0.0001773049645390071,,,,1.6849931771541875,0.0,0.020457447385413437,0.022457533000961292,0.06168999321454038,0.0003071012070157584,,,,0.06452814675249534,0.0
subpopulation,acceptance,0.001503350083752094,0.0,0.0,0.0001683417085427136,0.5387973199329984,0.0,0.0,0.0016716917922948073,0.5387973199329984,0.0009987503028553652,0.0,0.0,0.0005788008980066852,0.007569249392014498,0.0,0.0,0.0005773721375516071,0.007569249392014498
subpopulation,improvement,-0.11540275419732125,0.060064138841727975,1.5424448217317488,-0.0021203546500660254,,,,1.4849858517260894,0.0,0.016772691141897687,0.007935218484652886,0.014128452442354115,0.0005269644861441571,,,,0.0052807999771550375,0.0
