r_type,t_type,eta_mean,gamma_mean,perc_recomm_found_mean,eta_obs_mean,eta_obs_individualized_mean,eta_obs_refits_batch0_mean_mean,gamma_obs_mean,intv-cost_mean,eta_std,gamma_std,perc_recomm_found_std,eta_obs_std,eta_obs_individualized_std,eta_obs_refits_batch0_mean_std,gamma_obs_std,intv-cost_std
individualized,acceptance,0.9499999999999998,0.9499999999999998,1.0,1.0,,0.9956666628519694,0.0,0.5726666666666667,1.3597399555105182e-16,1.3597399555105182e-16,0.0,0.0,,0.00230937134490504,0.0,0.02486128181195261
individualized,counterfactual,0.9499999999999998,0.9499999999999998,1.0,1.0,,0.9886666735013326,0.0016666666294137638,0.5681666666666666,1.3597399555105182e-16,1.3597399555105182e-16,0.0,0.0,,0.012096810478576981,0.002886751281424208,0.032133834712547535
individualized,improvement,0.9499999999999998,0.9499999999999998,0.9916666666666667,0.9513387580882414,0.9513387580882414,0.9513387680053711,0.9513387680053711,1.999443069833091,1.3597399555105182e-16,1.3597399555105182e-16,0.005773502691896262,0.02016153147770832,0.02016153147770832,0.02016150559550128,0.02016150559550128,0.073128021356712
subpopulation,acceptance,0.9499999999999998,0.9499999999999998,1.0,0.9933333333333333,,0.9869999686876932,0.0016666666294137638,0.5435,1.3597399555105182e-16,1.3597399555105182e-16,0.0,0.0028867513459481316,,0.006999999284765411,0.002886751281424208,0.007262919523167054
subpopulation,improvement,0.9499999999999998,0.9499999999999998,0.9966666666666667,0.9063819095477387,,0.9063819050788879,0.9063819050788879,1.7131959798994976,1.3597399555105182e-16,1.3597399555105182e-16,0.0028867513459481316,0.020701261037195006,,0.02070125149757584,0.02070125149757584,0.017569716330839563
